session,participant_id,bug,start,end,region1_percent,region1_gaze_count,region1_name,region1_topleft,region1_bottomright,region2_percent,region2_gaze_count,region2_name,region2_topleft,region2_bottomright,region3_percent,region3_gaze_count,region3_name,region3_topleft,region3_bottomright,region4_percent,region4_gaze_count,region4_name,region4_topleft,region4_bottomright,Note,out_of_bounds,no_x_y,total_gazes
p1_ladybug_1454,p1,ladybug,start,end,58%,45608,code_report,"(470,70)","-1,920,750",36%,28634,fileExplorer,"(0,70)","-4,701,080",1%,449,iTrace,"-470,750","-19,201,080",0%,,,,,,730,3232,78653
p1_ladybug_1500,p1,ladybug,start,end,66%,8977,code_report,"(470,70)","-1,920,750",6%,773,fileExplorer,"(0,70)","-4,701,080",7%,889,iTrace,"-470,750","-19,201,080",0%,,,,,"assuming coordinates don't change after 1454. these coordinates are assumed, not measured ",411,2495,13545
p1_ladybug_1504,p1,ladybug,start,end,88%,23884,code_report,"(470,70)","-1,920,750",0%,120,fileExplorer,"(0,70)","-4,701,080",2%,548,iTrace,"-470,750","-19,201,080",0%,,,,,"assuming coordinates don't change after 1454. these coordinates are assumed, not measured ",66,2620,27238
p1_ladybug_1506,p1,ladybug,start,end,71%,986,code_report,"(470,70)","-1,920,750",11%,152,fileExplorer,"(0,70)","-4,701,080",13%,183,iTrace,"-470,750","-19,201,080",0%,,,,,"assuming coordinates don't change after 1454. these coordinates are assumed, not measured ",0,70,1391
p1_stonefly_1515,p1,stonefly,start,end,65%,31971,code_report,"(470,70)","-1,920,750",28%,13547,fileExplorer,"(0,70)","-4,701,080",1%,268,iTrace,"-470,750","-19,201,080",0%,,,,,"looked briefly at coordinates. Very close to coordinates from ladybug, so not changing. ",244,2886,48916
p1_stonefly_1516,p1,stonefly,start,end,83%,7846,code_report,"(470,70)","-1,920,750",3%,275,fileExplorer,"(0,70)","-4,701,080",2%,213,iTrace,"-470,750","-19,201,080",0%,,,,,"looked briefly at coordinates. Very close to coordinates from ladybug, so not changing. ",105,1000,9439
p1_hornet,p1,hornet,start,end,74%,88877,code_report,"(470,70)","-1,920,780",17%,20343,fileExplorer,"(0,70)","-4,701,080",1%,734,iTrace,"-470,780","-19,201,080",0%,,,,,"pretty close to previous, but y got shifted down 30 ",367,9077,119398
p1_silverfish,p1,silverfish,start,end,74%,50932,code_report,"(470,70)","-1,920,770",12%,7969,fileExplorer,"(0,70)","-4,701,080",0%,270,iTrace,"-470,770","-19,201,080",0%,,,,,,1755,8002,68928
p1_praying_mantis,p1,praying_mantis,start,end,83%,121498,code_report,"(470,70)","-1,920,770",4%,5268,fileExplorer,"(0,70)","-4,701,080",0%,696,iTrace,"-470,770","-19,201,080",0%,,,,,,3764,14860,146086
p1_spider,p1,spider,start,end,79%,45777,code_report,"(470,70)","-1,920,770",9%,5214,fileExplorer,"(0,70)","-4,701,080",1%,386,iTrace,"-470,770","-19,201,080",0%,,,,,,1618,4904,57899
p1 total AI percent ,0,,,,,,,,,,,,,,,,,,,,,,,,,,,
,,,,,,,,,,,,,,,,,,,,,,,,,,,,
p2_ladybug,p2,ladybug,start,end,87%,149720,code_report,"(470,70)","-1,920,770",5%,8040,fileExplorer,"(0,70)","-4,701,080",1%,2054,iTrace,"-470,770","-19,201,080",0%,,,,,,2335,9310,171459
p2_stonefly,p2,stonefly,start,3:21,80%,19363,code_report,"(470,70)","-1,920,770",16%,3765,fileExplorer,"(0,70)","-4,701,080",2%,426,iTrace,"-470,770","-19,201,080",0%,,,,,,27,541,24122
p2_stonefly,p2,stonefly,3:21,10:59,78%,42599,code_report,"(470,70)","-1,920,710",3%,1702,fileExplorer,"(0,70)","-4,701,080",14%,7859,AI,"-470,710","-19,201,080",0%,,,,,expanded AI chat window to see text better,438,2360,54958
p2_stonefly,p2,stonefly,10:59,end,62%,54479,code_report,"(470,70)","-1,920,654",2%,2176,fileExplorer,"(0,70)","-4,701,080",27%,23640,AI,"-470,654","-19,201,080",0%,,,,,expanded AI chat window more ,2110,4969,87374
p2_hornet,p2,hornet,start,end,78%,106040,code_report,"(470,70)","-1,920,665",12%,16243,fileExplorer,"(0,70)","-4,701,080",4%,5880,AI,"-470,665","-19,201,080",0%,,,,,ys got shifted down again,1936,5851,135950
p2 total AI percent ,7.89%,,,,,,,,,,,,,,,,,,,,,,,,,,,
,,,,,,,,,,,,,,,,,,,,,,,,,,,,
,,,,,,,,,,,,,,,,,,,,,,,,,,,,
p3_hornet,p3,hornet,start,end,65%,116742,code_report,"(285,70)","-19,201,080",9%,15407,fileExplorer,"(0,70)","-2,851,080",0%,,,,,0%,,,,,removed AI/iTrace window,1080,45243,178472
p3_ladybug,p3,ladybug,start,end,58%,36051,code_report,"(470,70)","-1,920,827",34%,21007,fileExplorer,"(0,70)","-4,701,080",1%,890,iTrace,"-470,827","-19,201,080",0%,,,,,,311,3516,61775
p3_praying_mantis,p3,praying_mantis,start,end,83%,117294,code_report,"(285,70)","-19,201,080",8%,11595,fileExplorer,"(0,70)","-2,851,080",0%,,,,,0%,,,,,removed AI/iTrace window,559,11955,141403
p3_silverfish,p3,silverfish,start,end,77%,108699,code_report,"(285,70)","-19,201,080",8%,11165,fileExplorer,"(0,70)","-2,851,080",0%,,,,,0%,,,,,removed AI/iTrace window,1463,19846,141173
p3_stonefly,p3,stonefly,start,end,92%,124491,code_report,"(285,70)","-19,201,080",3%,4652,fileExplorer,"(0,70)","-2,851,080",0%,,,,,0%,,,,,removed AI/iTrace window,372,6161,135676
p3 total AI ,0.00%,,,,,,,,,,,,,,,,,,,,,,,,,,,
,,,,,,,,,,,,,,,,,,,,,,,,,,,,
p4_firefly,p4,firefly,start,end,39%,70878,report,"(795,70)","-1,920,730",49%,87362,code_fileExplorer,"(0,70)","-7,951,080",3%,5852,AI,"-795,730","-19,201,080",0%,,,,,expanded file Explorer side and looked at code on that side (left side),1625,14383,180100
p4_ladybug,p4,ladybug,start,2:58,40%,8544,report,"(415,70)","-1,920,740",57%,12161,code_fileExplorer,"(0,70)","-4,151,080",0%,41,AI,"-415,740","-19,201,080",0%,,,,,,143,472,21361
p4_ladybug,p4,ladybug,2:58,7:43,20%,6938,report,"(714,70)","-1,920,745",59%,20214,code_fileExplorer,"(0,70)","-7,141,080",14%,4865,AI,"-714,745","-19,201,080",0%,,,,,expanded file Explorer side and looked at code on that side (left side),56,2126,34199
p4_ladybug,p4,ladybug,7:43,end,47%,44415,report,"(714,70)","-1,920,587",31%,29551,code_fileExplorer,"(0,70)","-7,141,080",10%,9240,AI,"-714,587","-19,201,080",0%,,,,,expanded AI more,365,11068,94639
p4_praying_mantis,p4,praying_mantis,start,end,34%,56060,report,"(924,70)","-1,920,730",55%,90319,code_fileExplorer,"(0,70)","-9,241,080",4%,7112,iTrace,"-924,730","-19,201,080",0%,,,,,expanded file Explorer side and looked at code on that side (left side),746,11273,165510
p4_stonefly,p4,stonefly,start,end,33%,58002,report,"(798,70)","-1,920,750",53%,92791,code_fileExplorer,"(0,70)","-7,981,080",6%,11098,AI,"-798,750","-19,201,080",0%,,,,,expanded file Explorer side and looked at code on that side (left side),652,13660,176203
p4_weevil,p4,weevil,start,end,28%,24528,report,"(924,70)","-1,920,720",62%,55298,code_fileExplorer,"(0,70)","-9,241,080",1%,1089,iTrace,"-924,720","-19,201,080",0%,,,,,,614,7549,89078
p4 total AI ,4.09%,,,,,,,,,,,,,,,,,,,,,,,,,,,
,,,,,,,,,,,,,,,,,,,,,,,,,,,,
p5_firefly,p5,firefly,start,end,10%,14562,fileExplorer,"(0,70)","-4,681,080",45%,67174,report,"(468,70)","-1,180,724",24%,35778,code,"(1180,70)","-1,920,724",15%,21821,AI,"-468,724","-19,201,080","split into code and report. Report is always on right side in other bugs, so assuming that is the case for this bug, however, this video freezes pretty early in. ",1527,8806,149668
p5_ladybug,p5,ladybug,start,4:00,21%,5980,fileExplorer,"(0,70)","-3,751,080",52%,15044,report,"(375,70)","-995,720",23%,6605,code,"(995,70)","-1,920,720",1%,178,AI,"-375,720","-19,201,080","there was quite a bit of configuring before the 4 min mark, but I am not going to put all those tiny changes in. at this point, the file explorer is skinnier than it will be later. ",14,981,28802
p5_ladybug,p5,ladybug,4:00,end,22%,35163,fileExplorer,"(0,70)","-6,271,080",27%,42638,report,"(627,70)","-1,145,726",33%,52494,code,"(1145,70)","-1,920,726",9%,14533,AI,"-627,726","-19,201,080",not sure what happened much after the 4 min mark since video froze,457,12393,157678
p5_stonefly,p5,stonefly,start,end,4%,9530,fileExplorer,"(0,70)","-4,681,080",28%,69941,report,"(468,70)","-1,095,725",56%,139294,code,"(1095,70)","-1,920,725",5%,11770,AI,"-468,725","-19,201,080",,2595,17576,250706
p5_weevil,p5,weevil,start,end,9%,6790,fileExplorer,"(0,70)","-3,261,080",67%,48297,code_report,"(326,70)","-1,018,725",11%,7604,code_report,"(1018,70)","-1,920,725",1%,830,AI,"-326,725","-19,201,080",,1938,6324,71783
p5 total AI ,7.46%,,,,,,,,,,,,,,,,,,,,,,,,,,,
,,,,,,,,,,,,,,,,,,,,,,,,,,,,
p6_ladybug,p6,ladybug,start,end,11%,14275,fileExplorer,"(0,70)","-4,901,080",81%,102586,code_report,"(490,70)","-1,920,786",1%,1079,AI,"-490,786","-19,201,080",0%,,,,,,4389,3711,126040
p6_firefly,p6,firefly,start,end,22%,36933,fileExplorer,"(0,70)","-4,901,080",75%,122550,code_report,"(490,70)","-1,920,780",1%,1409,iTrace,"-490,780","-19,201,080",0%,,,,,,619,2911,164422
p6_praying_mantis,p6,praying_mantis,start,end,10%,6899,fileExplorer,"(0,70)","-4,901,080",85%,56434,code_report,"(490,70)","-1,920,780",1%,435,iTrace,"-490,780","-19,201,080",0%,,,,,,147,2602,66517
p6_spider,p6,spider,start,end,18%,12915,fileExplorer,"(0,70)","-4,901,080",76%,54026,code_report,"(490,70)","-1,920,780",1%,390,iTrace,"-490,780","-19,201,080",0%,,,,,,967,2532,70830
p6_stonefly,p6,stonefly,start,end,17%,16018,fileExplorer,"(0,70)","-4,901,080",77%,72997,code_report,"(490,70)","-1,920,786",1%,509,iTrace,"-490,786","-19,201,080",0%,,,,,,2362,2709,94595
p6_weevil,p6,weevil,start,end,8%,4870,fileExplorer,"(0,70)","-4,901,080",85%,53663,code_report,"(490,70)","-1,920,780",1%,561,iTrace,"-490,780","-19,201,080",0%,,,,,,947,2757,62798
p6 total AI ,0.18%,,,,,,,,,,,,,,,,,,,,,,,,,,,
,,,,,,,,,,,,,,,,,,,,,,,,,,,,
p7_ladybug,p7,ladybug,start,end,2%,5054,fileExplorer,"(0,70)","-4,901,080",17%,38161,code_report,"(490,70)","-1,920,755",0%,309,AI,"-490,755","-19,201,080",0%,,,,,,120,177510,221154
p7_praying_mantis,p7,praying_mantis,start,end,2%,5634,fileExplorer,"(0,70)","-4,901,080",40%,103578,code_report,"(490,70)","-1,920,755",1%,1630,iTrace,"-490,755","-19,201,080",0%,,,,,,554,147436,258832
p7_stonefly,p7,stonefly,start,end,3%,6360,fileExplorer,"(0,70)","-4,901,080",66%,124549,code_report,"(490,70)","-1,920,755",1%,1237,iTrace,"-490,755","-19,201,080",0%,,,,,,767,54640,187553
p7 total AI ,0.05%,,,,,,,,,,,,,,,,,,,,,,,,,,,
,,,,,,,,,,,,,,,,,,,,,,,,,,,,
p8_firefly,p8,firefly,start,end,4%,9370,fileExplorer,"(0,70)","-4,901,080",88%,193061,code_report,"(490,70)","-1,920,755",0%,471,AI,"-490,755","-19,201,080",0%,,,,,,4251,12703,219856
p8_hornet,p8,hornet,start,end,2%,4454,fileExplorer,"(0,70)","-4,901,080",84%,205060,code_report,"(490,70)","-1,920,760",6%,13670,AI,"-490,760","-19,201,080",0%,,,,,,604,20479,244267
p8_ladybug,p8,ladybug,start,end,5%,5818,fileExplorer,"(0,70)","-4,901,080",88%,113201,code_report,"(490,70)","-1,920,755",0%,516,AI,"-490,755","-19,201,080",0%,,,,,,187,8658,128380
p8_ladybug,p8,stonefly,start,end,5%,5818,fileExplorer,"(0,70)","-4,901,080",88%,113201,code_report,"(490,70)","-1,920,755",0%,516,iTrace,"-490,755","-19,201,080",0%,,,,,,187,8658,128380
p8 total AI ,2.03%,,,,,,,,,,,,,,,,,,,,,,,,,,,
,,,,,,,,,,,,,,,,,,,,,,,,,,,,
p9_hornet,p9,hornet,start,end,15%,41738,fileExplorer,"(0,70)","-4,901,080",72%,195042,code_report,"(490,70)","-1,920,755",5%,12370,iTrace,"-490,755","-19,201,080",0%,,,,,,584,22385,272119
p9_ladybug,p9,ladybug,start,end,12%,22337,fileExplorer,"(0,70)","-4,901,080",71%,134765,code_report,"(490,70)","-1,920,755",8%,14932,AI,"-490,755","-19,201,080",0%,,,,,,625,18374,191033
p9_stonefly,p9,stonefly,start,end,4%,10609,fileExplorer,"(0,70)","-4,901,080",86%,215011,code_report,"(490,70)","-1,920,755",1%,1269,iTrace,"-490,755","-19,201,080",0%,,,,,,276,23220,250385
,2.09%,,,,,,,,,,,,,,,,,,,,,,,,,,,
p10_firefly,p10,firefly,start,end,12%,18043,fileExplorer,"(0,70)","-470,715",55%,85605,code,"(470,70)","-1,920,525",10%,15168,report,"-470,525","-1,920,715",3%,4645,iTrace,"(0,715)","-19,201,080",,7735,23142,154338
p10_hornet,p10,hornet,start,4:00,14%,4080,fileExplorer,"(0,70)","-470,750",74%,21297,code_report,"(470,70)","-1,920,750",1%,360,AI,"-470,750","-19,201,080",0%,,,,,,1504,1561,28802
p10_hornet,p10,hornet,4:00,end,5%,8794,fileExplorer,"(0,70)","-470,723",72%,127717,code,"(470,70)","-1,920,539",9%,16265,report,"-470,539","-1,920,723",4%,6837,AI,"(0,723)","-19,201,080",,469,16655,176737
p10_ladybug,p10,ladybug,start,end,9%,10630,fileExplorer,"(0,70)","-470,760",80%,99141,code,"(470,70)","-1,920,625",3%,3300,report,"-470,625","-1,920,760",3%,3394,AI,"(0,760)","-19,201,080",,564,7126,124155
p10_ladybug_2,p10,ladybug,start,4:39,1%,245,fileExplorer,"(0,70)","-470,576",43%,14537,code,"(470,70)","-1,920,318",41%,13569,report,"-470,318","-1,920,576",2%,788,iTrace,"(0,576)","-19,201,080",,149,4194,33482
p10_ladybug_2,p10,ladybug,4:39,end,1%,288,fileExplorer,"(0,70)","-470,576",51%,19100,code,"(470,70)","-1,920,386",26%,9863,report,"-470,386","-1,920,576",8%,3158,iTrace,"(0,576)","-19,201,080",,254,4609,37272
p10_stonefly,p10,stonefly,start,9:27,6%,3901,fileExplorer,"(0,70)","-470,760",86%,58774,code,"(470,70)","-1,920,630",1%,601,report,"-470,630","-1,920,760",1%,907,iTrace,"(0,760)","-19,201,080",,459,3399,68041
p10_stonefly,p10,stonefly,9:27,end,1%,900,fileExplorer,"(0,70)","-470,750",71%,79291,code,"(470,70)","-1,920,515",13%,14846,report,"-470,515","-1,920,750",2%,2670,iTrace,"(0,750)","-19,201,080",,717,13426,111850
,1.442%,,,,,,,,,,,,,,,,,,,,,,,,,,,
p11_firefly,p11,firefly,start,end,20%,44893,fileExplorer,"(0,70)","-605,820",76%,168116,code_report,"(605,70)","-1,920,820",0%,258,iTrace,"(0,820)","-19,201,080",0%,,,,,,365,6831,220463
p11_ladybug,p11,ladybug,start,3:12,#DIV/0!,0,fileExplorer,"(0,70)","-470,825",#DIV/0!,0,code_report,"(470,70)","-1,920,825",#DIV/0!,0,iTrace,"(0,825)","-19,201,080",#DIV/0!,,,,,,,,
p11_ladybug,p11,ladybug,3:12,7:35,#DIV/0!,0,fileExplorer,"(0,70)","-572,825",#DIV/0!,0,code_report,"(572,70)","-1,920,825",#DIV/0!,0,iTrace,"(0,825)","-19,201,080",#DIV/0!,,,,,,,,
p11_ladybug,p11,ladybug,7:35,15:30,#DIV/0!,0,fileExplorer_code,"(0,70)","-719,825",#DIV/0!,0,code_report,"(719,70)","-1,920,825",#DIV/0!,0,iTrace,"(0,825)","-19,201,080",#DIV/0!,,,,,,,,
p11_ladybug,p11,ladybug,15:30,end,#DIV/0!,0,fileExplorer,"(0,70)","-606,825",#DIV/0!,0,code_report,"(606,70)","-1,920,825",#DIV/0!,0,iTrace,"(0,825)","-19,201,080",#DIV/0!,,,,,,,,
p11_stonefly,p11,stonefly,start,end,14%,24777,fileExplorer_code,"(0,70)","-740,825",77%,133245,code_report,"(740,70)","-1,920,825",0%,789,iTrace,"(0,825)","-19,201,080",0%,,,,,,309,13440,172560
p11_weevil,p11,weevil,start,end,39%,27797,fileExplorer,"(0,70)","-650,825",55%,39463,code_report,"(650,70)","-1,920,825",0%,125,iTrace,"(0,825)","-19,201,080",0%,,,,,,238,3534,71157
p11_weevil_2,p11,weevil,start,end,12%,16704,fileExplorer,"(0,70)","-650,825",80%,108791,code_report,"(650,70)","-1,920,825",0%,533,iTrace,"(0,825)","-19,201,080",0%,,,,,,239,9720,135987
,0,,,,,,,,,,,,,,,,,,,,,,,,,,,
